날짜,제목,조회수,공감,비공감,본문
2024.12.08 12:18,손해보지 않고 ETF 제대로 거래하는 방법,1239,0,1,"ETF 주문할 때 언제 하세요??

혹시 장 개장 후 9시 되자마자 바로 주문하나요?

아니면 낮에 바쁘게 일하다가 급하게 장마감 전에 ETF 사고 팔진 않으신가요? ??

만약 그랬다면 ETF를 제값에 받지 못하고 나도 모르게 손해보고 거래 했을 수 있습니다.

아래에 ETF를 손해보지 않고 제대로 거래하기 위한 핵심 전략과 주의사항에 대해 정리했습니다.

======================

https://naver.me/FA2rhA9k

====================== 

위 링크를 복사하셔서 브라우저에 붙여넣기 하시면 보실 수 있습니다."
2024.11.30 19:21,선물,2755,0,0,"롬3:23
이는 모든 사람이 죄를 지었으므로
하나님의 영광에 이르지 못하다가.

시9:17
악인은 지옥으로 돌려질 것이요,

죄 사함을 받지 않으시면 지옥에 가서 
영원토록 밤낮 고통 받습니다.

행 8:37
빌립이 말하기를 “만일 당신이 마음을 다하여 믿으면 합당하니라.”고 하니 그가 대답하여 말하기를 “나는 예수 그리스도가 하나님의 아들이신 것을 믿나이다.”라고 하더라

롬10:9
네가 네 입으로 주 예수를 시인하고 또 하나님께서 그를 죽은 자들로부터 살리신 것을 네 마음에 믿으면 구원을 받으리라.

고전 15:3-4
내가 받은 것을 먼저 너희에게 전달하였나니 이는 성경대로 그리스도께서 우리의 죄들로 인하여 죽으시고, 장사되셨다가 성경대로 셋째 날에 다시 살아나셔서

엡2:8-9
너희가 믿음으로 말미암아 은혜로 구원을 받았으니 이것은 너희에게서 난 것이 아니요, 하나님의 선물이라.
행위에서 난 것이 아니니 아무도 자랑하지 못하게 하려 하심이라."
2024.10.21 17:13,이평선 모르면 큰일 기본은 알고 하셔야...PLUS 200,11532,0,0,"이평선 모르면 큰일 기본은 알고 하셔야...PLUS 200

https://tikkeul.com/moving-average-shares-shares/"
2024.06.10 04:56,■투자 성공을 위해 읽어두면 좋은 돈 이야기 2,38786,0,1,"■ 이야기 1


-이상하고 섬뜩하지만 똑똑해지는 무서운 섬 이야기


특정한 가정과 전제조건의 고립되고 제한된 가상의 상태에서 이론을 전개하는 경제학처럼



밑도 끝도 없이 두 부부가 한 섬에 표류했다.



한 부부는 채집과 농사를 한 부부는 은행을 만들었다.



서로의 교환을 위해 은행을 차린 부부(은행부부)가 자신이 만든 표시로 농사짓는 부부(대출부부)의 물건을 사는 것이 아니라 100만원을 빚으로 빌려준다.



주택담보대출처럼 그 이자는 10%(계산의 편의상)이다.



1년 후 이 섬의 통화량은 90만원 ---이자로 10만원 상환해야---이지만 부채는 100만원이다. 모든 대출 상환에 10만원 모자란다.

2년 후 이 섬의 통화량은 80만원----이자로 10만원 상환----이지만 부채는 100만원이다. 20만원 모자란다.

.

.

.

5년 후 이섬의 통화량은 50만원----이자로 10만원---총50만원 상환---이지만 부채는 100만원이다. 50만원 모자란다.



10년까지 통화량 0에 부채상환 100만원. 부족한 통화량 0원으로 가지 않는다. 경제와 금융위기, 가난은 인류의 어떤 독재정부 잔인한 정부조차도 전복시키는 무기이기 때문이다(복잡다기). 통화량이 부족하면 인류가 경험한 모든 경제현상이 일어나 위기가 찾아오기 때문이다.

교환수단이 부족하면 교환이 줄어들고, 교환이 줄어드는 만큼 경제는 성장할 수 없다. 경제란 교환이 늘어나는 것이다.

모든 사람이 부자가 되고자 하지만 부자가 되기 위해 노동해야 하고, 노동을 고용하여 생산하는 자, 생산하여 판매하기 위해 소비자 또한 먼저 교환수단이 있어야 한다. 교환수단이 부족하면 의지와 욕망이 있어도 고용, 생산, 소비가 일어날 수 없다. 부자가 되기를 갈망하지만 부자가 된다는 의미는 자신의 노동가치를 화폐로 저장할 때 가능하므로 화폐가 존재하는 만큼이 한 사회나 문명이 부를 축적할 수 있는 양이 된다.

그러므로 인류 문명에 존재하는 모든 돈(특히 서양의 모든 역사에서)이 누군가 교환에 사용하고 다시 돌려줄 빚으로 빌린 빚 속의 돈이라는 의미를 이해하면 ...인류가 경험한 모든 위기와 인류가 그토록 일을 할수록 가난해지는 가는 자연법칙과 수학으로 인식...



통화가 제로로 수렴할 때까지 가지 않는다. 왜냐하면 인류가 경험한 모든 금융위기와 경제위기, 인플레이션과 디플레이션, 스태그플레이션 등 모든 현상이 일어난다. 그러면 정치인들이 다시 대출을 늘리는 정책이나 국가가 부채로 경제를 진작하는 정책을 사용해야 국민의 선택을 받을 수 있기 때문이다.



섬 이야기로 돌아가 은행을 만들어 교환수단을 돈(노동가치를 구매)이 아니라 빚으로 빌려준 시점부터 대출부부는 영원히 갚을 수 없는 부채노예가 된 것이다. 선이자처럼 대출의 시작부터 이미 불가능의 이자가 추가된 것이고 만들 수 있는 자가 만들어야 만든 만큼만 존재하므로 구할 수 없는 이자로 그 자식들까지 영원히 갚을 수 없는 노예가 된 것이다(화폐를 발행할 권한을 가진 자 이외에 그것의 발행은 화폐위조). 단지 스스로 만들면 될 표시를 빚으로 빌렸고, 이것을 부정할 법과 화폐지식이 없어서다.

표시는 은행을 만든 은행부부만이 만들 수 있고, 그 은행부부는 이자로 사용될 표시를 만들지 않았기에 시작부터 교환수단이 빚으로 시작되어 이자가 이자율과 시간의 비례로 대출부부가 갚아야 할 존재하지 않는 관념에서 위조되는 상식의 이자로 빚에 이자가 늘어나 대출부부는 갚을 수 없는 함정(부채노예)에 빠진 것이다.



은행부부는 이자로 상환되어 부족해진 만큼 해마다 이자만큼을 빚으로 다시 빌려주어 항상 통화량을 100에 맞춘다. 이유는 대출부부가 100 이하로 통화량이 내려가면 노동이 줄어들기 때문이다.



그 이자로 빌려준 만큼이 원금에 추가되어 복리로 이자를 늘리므로 실제로는 통화량은 항상 100으로 고정되었어도 빚이 빚이 불러 늘어나는 것이다(국가부채, 기업부채, 가계부채처럼 줄어들 수 없는 계속적으로 늘어나야 한다).

빚을 갚는 것 = 경제를 파괴 = 금융 혹은 경제위기를 자초



대출부부의 빚을 빌릴 자산이 부족할 때 경제학이 지적 혁명으로 칭송하고 정치인이 나팔수로 항상 부는 케인스 혁명(뉴딜정책)을 실시한다. 대출부부를 데려다 은행부부의 집도 짓게 하고, 도로와 수도를 놓게 하고, 정원도 가꾸게 하여 노동력의 대가를 자신들이 만들 수 있는 표시로 준다. 단 약은 은행부부는 빚을 모두 갚을 만큼이 아닌 한 해 이자만을 갚을 수 있을 정도로만 한다. 케인스 혁명 즉 뉴딜정책도 은행가들이 빚을 빌려주고 통화를 약탈적으로 회수하여 줄임으로서 유발된 금융위기와 교환위기이고, 그래서 국민이 빚을 덜 빌리니 국가가 재정정책균형을 파기하여 빚을 빌려 사회에 필요한 간접자본 건설에 투자하게 만들어 그 돈이 은행가이 보이지 않게 소유하고 통제하는 그들의 기업을 통해 결국 은행가의 호주머니로 다시 돌아가지만 빚은 국가와 국민의 부담으로 남는 것이다.

경제학이 인류의 지적 혁명이라 그토록 자랑하는 케인스 이론은 국가와 국민을 갚을 수 없는 빚에 팔아먹은 것에 불과하지만 어리석은 경제학자들과 그들의 지도를 받는 정치인들은 위기의 원인도 모르면서위기가 오면 지금도 마중물을 주절대는 것이다(인류의 등뒤에서 낄낄대는 자들이 인류의 역사 아래 또다른 그들의 역사로 조롱하고 멸시한다). 이것은 자연법칙과 수학적 결론이다.



대출부부의 빚을 빌리는 속도가 느려지면 은행부부는 지금의 FRB처럼 금리를 내려서 더 많은 빚을 빌리도록 조장하면서 금융위기와 경제위기를 운운하는 것이다..9%...8%...5%...2.5%...1%...0.5%...마이너스 금리이론...본질은 빚을 돈으로 사용하게 만든 금융제도가 문제이다. 그래서 본질은 FRB와 같은 중앙은행 존재 그 자체에 있는데 자신의 존재를 부정하는 모순된 말로 인류 전체를 조롱하고 멸시하는 것이다.

그래도 빚을 빌리지 않으면 최후의 수단으로 QE를 하면 된다. 은행부부가 대출부부의 집과 땅을 사고, 다시 도로와 수도를 사고, 섬 전체를 사면 이자로 사용될 돈이 늘어나 경제가 활성화되는 것처럼 보인다. 이것이 그린스펀, 옐런, 파월이 하는 일. 이것을 경제학은 인류를 위한 위대한 지적 헌신으로 설명하고 방송과 언론은 도배질, 노벨경제학상은 자신의 상을 주는 것이다. 무지의 향연이자 조롱과 멸시의 향연이 아니면?



풀린 돈은 은행부부가 도로와 수도 사용료를 올려 간단히 회수한다. 섬의 땅값과 지료도 올린다. 그러면서 인플레이션이 심하다고 다시 이를 빌미로 금리를 10% 20%까지 올리면 ㅡ이것이 요즘 증권가 애널 경제학자 등 소위 경제학 먹물 좀 튄 사람들이 환장하고, 세계의 모든 언론과 기자들이 금리라는 돌려줄 빚을 늘려서 교환수단의 부족으로 노동과 교환으로부터 소외되어 가난으로 죽어야 하는데, 인류가 죽고 나머지가 노예가 되는 것을 자기일처럼 미치도록 자랑하는 빅스텝 자이언트 스텁 울트라스텝(인류와 문명을 무지와 거짓의 지식이 지배한다) ㅡ돈을 회수되고, 대출부부의 빚은 기하급수적으로 늘어난다.대출부부의 생산물을 높여달라고 은행부부에게 협상을 요구하는 것이다. 최저임금개념(시온의 칙훈서P196). 은행부부는 올려주고 자신이 받을 수 있는 가격을 더 올린다. 이것이 인플레이션이다. 대출부부의 사용할 돈이 줄어들어 소비가 줄면 디플레이션이지만 은행부부가 생존에 필요한 수단을 독점하므로 디플레이션구간에 값을 -땅 사용료나 수도 등-을 올리면 이것이 스태그플레이션이다.



은행부부가 시작할 때부터 표시를 마음대로 만들어 섬과 대출부부의 집과 땅을 모두 사면 독일 바이마르 공화국의 빵 하나 사는데 지폐 한 수레의 초인플레이션이 일어나고(화폐란 만들 수 있는 자가 만들어야 존재하므로 누가 은행을 소유하는가 -주택담보대출처럼- 발행권자이자 발행이익을 소유하는 자), 은행부부가 대출부부의 빚이 많은데 금리를 30%까지 올려 통화의 씨를 말리면 대공황과 같은 교환의 소외인 디플레이션이 일어난다.



대출부부는 은행부부만이 만들 수 있는 표시가 없으면 대출을 갚을 수 없기 때문에 영원히 부채노예에서 벗어날 수 없다. 이것은 의미와 욕망으로 극복할 수 없는 자연법칙과 수학의 화폐의 발행과 유통인 금융이라는 음침하고 외진 문제이다.

은행부부의 은전 없이는 대출부부는 영원히 노예로 살아야 하는 것이다. 희망고문처럼 부처와 예수, 야훼의 종교에 힘을 얻어 열심히 일한다고 절대로 빚에서 해방될 수 없다. 즉 노동을 늘린다고 은행부부만이 만들 수 있는 표시=돈이 더 생기는 것이 아니다. 인류의 종교와 윤리의 하기 좋고 듣기 좋은 말과 글에 의한 고귀한 사랑이란 단지 화폐를 발행하는 자의 번식의 가치인 부만이 늘리는 것에 불과하다. 그래서 화폐론이 전제되지 않는 사랑이란 번식의 가치와 의미뿐이다. 그 자연법칙과 수학적 의미가 바로 인류가 해방될 수 있는 돈과 빚이란 만들 수 있는 자가 만든 만큼만 존재하는 자연법칙에서 스스로 단 하나도 증식되지 않는 인위적인 표시이기 때문이다. 숫자라도. 죽을 때까지 일해도 늘어나는 것은 넘쳐나는 노동과 빚을 갚기 위한 기회라도 가지기 위해 더 많은 빚을 빌려야 하므로 빚만이 늘어나는 이유이다. 이것이 일을 할수록 가난해지는 이유?? 노동을 늘리기 위해, 경제가 붕괴되지 않도록 기존의 빚의 이자라도 내기 위해서는 누군가 끊임없이 빚을 빌려야 한다.

자연법칙과 수학의 불가능으로 인간과 국가를 정복할 수 있다는 것을 이해했기에 서양의 잔인한 제국주의가 갚자가 자유와 평등 인권과 인류애의 민주주의와 자본주의 헌법의 탈을 쓰고 인류의 무지를 조롱하고 멸시하는 하기 좋고 듣기 좋은 말로 평화와 공존을 외치는 것이다

은행이 국가와 국민의 소유가 아니면 돈이 빚이 되어 자연법칙과 수학에서 불가능의 현상인 이자가 유발되지만 인류와 문명의 역사의 시작부터 이 불가능을 가능과 능력으로 인식하므로 금융과 은행이 국가와 국민으로부터 분리되는 민영화(사유화)를 당연한 것으로 인식하는 것이다. 은행이라는 화폐의 발행과 유통인 금융이라는 절대왕권이 소유했던 화폐발행권을 한줌의 모리배들이 사유화하기 위해 자유라는 단어가 필요했고, 절대왕권이 다시 돌아와 뺏어가지 못하도록 민주주의 이념이 필요했지만 이것이 모든 절대왕권으로 독립하여 국가로 자급자족하며 살아가는 사회를 해체하여 빚과 이자라는 부채화폐로 정복할 수 있다는 것을 이해했다. 그래서 국가와 정부를 소외시키는 자유방임주의의 국부론이 필요했고, 금융과 은행을 민영화시켜서 외국인 투자자로 위장된 화폐 제국주의자들이 은행을 소유하는 구조조정을 IMF를 내세워 강요하는 것이고, 이런 세계적인 민간 금융 통제 시스템을 통해 세계의 모든 국가의 경제와 산업을 보이지 않게 거미줄 치기로 지배한다. 금권이 모든 서양의 주요한 언론을 지배하여 정치를 지배했을 때 이제 국가를 국가부채로 사로잡아 국민의 과세권으로 국가와 국민을 파먹고 노예로 만드는 부채확장이론인 케인스가 필요했다. 이것이 자본주의의 민영화의 가치로 세계를 사유화하는 프레임ㅡ영국의 자유무역을 금으로 하는 금본위제가 한쌍의 식민지를 확고히 지배하는 수법 ㅡ이 석유달러로 교체된 것이다.

그런데 반전이 일어난다.



100쌍의 부부가 다시 이 섬에 표류하여 들어온 것이다. 은행가부부는 그 모든 부부들에게 100만원씩 대출을 해준다. 갑자기 섬 전체에 통화량처럼 보이는 빚인 돈, 빚 속의 돈이 흘러넘친다. 그럼 땅값은 하늘까지 치솟고, 주택가격도 폭등하고, 그 자식들까지 부채로 영끌로 주택과 부동산, 주식투자를 하여 누군가는 성공하고 또 누군가는 실패하며, 인류가 경험한 세상군상이 펼쳐진다. 그러나 결론은 동일하다. 원리는 하나의 대출부부처럼 단 하나도 변하지 않는다.



여기에 경제학 + 자본론 + 공산주의와 민주주의 + 자본주의 등을 넣으면 인류 문명이 된다. 비트코인 가상화폐 암호화폐까지 넣으면 완전한...



대충...



##################



결론 = 빚이 돈 = 주택담보대출처럼 누군가 빚을 빌려야 교환수단인 화폐가 존재하면 빚에서 항상 상식의 이자가 유발되어 빚을 돈으로 빌려준 곳으로 빨려들어가 줄어들기 때문 ㅡ빚이 돈이면 교환에 사용하고 다시 돌려줄 빚에서는상식의 이자가 관념의 위조로 늘어나주기적으로 돌려줄 빚의 원금에서 상환되어 줄인다. 빚인 돈이라는 통화를 줄이거나 다시 복리로 늘린다. 이자는 통화량이라는 만들 수 있는 자가 만들어야 만든 만큼만 존재하는 자가 만들지 않는 존재하지 않는 이자로 파괴하는 것으로 브만큼 통화라는 화폐의 부족이고 이것은작은 것이 아니라무한대이다. 인간은 100년이지만 국가의 빚은 국가가 사라질 때까지 대대손손 복리로 무한대로 위조된다

이유없이 유기체의 피가빚이 되어매일 이자로 뽑히는 것과 같은 불합리가 이자가없어야 할 돈이 오직 빚이 되어 ㅡ주택담보대출 ㅡ야하는 이치이다



이리유카바 최. 시온의 칙훈서. 해냄출판사, 2013. P238-여기서 말하는 불빛이라는 것은 우리의 모습은 보이지 않고 우리가 조종하는 사람들을 앞세워 신문지상 등을 통하여 여론을 만들고 상원의원이나 정부 고급 관리인 고이들을 조종하여 인도하는 길을 말하는 것이다. 소나 돼지 정도의 지능을 가진 고이들에게는 이를 제대로 관찰하거나 분석할 능력이 없다.

p233


이렇게 정복된 국가의 정치경제적 힘으로 국제기구와 국제법을 만들어 나머지 국가들의 동의로 세계를 정복해가는 것이다.


$$$$$$$$$$$$$$$$$$$$$$$$$$$$$$$$$
$$$$$$$$$$$$$$$$$$$$$$$$$$$$$$




■ 이야기 2 ㅡ비트코인 지식





어떤 사람은 이 글을 읽고 비트코인에 투자하고 어떤 사람은 읽고 투자하지 않는 이율배반의 지식




밖에 나가서 지나가는 사람 아무나 잡고


물어보면?


누가 화폐를 발행하고 해야 한다고 배웠는가?


십중팔구는 국가라고 말할 것이다?

이 말은 국가 이외 화폐발행은 범죄

사기 위조지폐라는 의미 ㅡ이 간단한 것도 거짓이 먼저 인식의 기준으로 자리를 잡으면 이해못함 ㅡ인지부조화

ㅡ경제학과 경제학자 ㅡ교수 박사와 커리큘럼 지식 ㅡ경제관료 심지어 법학과 법학자 법원 검찰 경찰이 동서남북이 없다는 의미 ㅡ이유 ㅡ 인류의 300년경제학과 3000년 지식 법학이 무식하다는 증거 ㅡ싱식도 없는지식을 모아 인류 최고학문? 눈에 보인다고 다 이해하는 건 신도불가능


그럼


기술있다고 개나소나 만드는 코인 ㅡ암호 가상화폐ㅡ이 다 돈이 된다고 생각해서 투자하고 심지어 투자 회사?

비트코인? 7000만원 1억 10억 100억 1000조 ㅡ아무가치가 없으니 이런 가격이 될 수 있는 ㅡ공매도가 없어 이렇게 상승이 가능한 것이고 1/10000로 쪼개서 소수점으로 투자할 수 있게 만들어 365일을 거래하므로 푼돈까지 끌어모아 몰아주기 게임

미국국가부채 3경7천조? 비트코인 37개?로 갚아도 될까??
약이 빠진 FRB 모건 시티은행이절대 받아주지 않을것? 이들이 그리 어리석은 자들이 아니다 그리고 더 무서운 건 이들 주인이다

탈중앙화?= 무정부주의?= 막스 자본론의 프롤레타리아 공산주의? =민주주의 국가를 부정하는 빨갱이 그 이상이 탈중앙화인데 아무 의심없이 신념처럼 서슴없이 말하는 무지


누군지도 모르는 10조? 팔고 나간 사카모토? 만든 넘도 팔고 나간지가 언젠데 아직도 순진한 사람 돈 뺏아가는 수단?


수학 + 채굴 + 블럭체인? 그럴싸한 잘꾸며진



가상화폐ㅡ 가상=환상 =사기?=근거 없는

이것이 문명이 되고 문화가 되고

너도나도 자칭 암호화폐 전문가? 되는 문명의 수준과 실체


누구는 재수좋아 돈벌어 귀재? 천재?


누구는 ...쩝

아무가치도 없는 사기를 7000만원

10억? 100억 1조가 가능한 조건은 절대적 무식일 때

온 세계 언론 기자 자칭경제 전문가? 금융전문가? 주절주절 참 가관

보살이고 부처다 그걸 폰지사기라고

피라미드 폰지모형 마지막에 테슬라 머스크 버핏 손정의가 사주면

잘 꼬셔봐라 아마도 머스크는 꼬임에 넘어갈수도 싹수가 보임 인문학적 지식?

머스크 버핏 손정의가 가상화폐 투자하지 않는 이유는 바로 그들이 사면 누가 뒤에 사줄 수 ??

이래도 하버드 옥스포드 케임브리지 경제학과 노벨경제학이 인류 지식의 지적 보고 누가 경제 금융 전문가? 서로 모르니 인류 최고 대학 교수 박사 노벨경제학상이지 상식을 아는 사람 앞에서는 그냥 밥이다? 상식도 없는 정크들

마치 비트코인 입에 올리면 엘 리트? 배운 사람? 뭔가 아는 사람? 배워서 더 무식해진

모르면서 아는 척 온갖 점잖은 척 겸손 떨면서 가증스러운 것들

그들은 불쌍한? 대부분은 모른다는 사실조차 모름? 거짓을 진실로 배운 거짓의 지식의 노리개 꼭두각시 인생들 그래서 불쌍? 무지 때문에 경제적 파산 자살한 사람? 책임을 져야? 자칭 경제 전문가 금융전문가 경제학 교수 박사들

없는 사람은 쳐다도 보지 말길 세계의 온갖 꾼들이 피라미드 폰지사기에 투자하게 만들려고 도배질 중이다
이 글이 상식적이라면 물론 잇는 사람은 추카



F R B와 그 주인이 조용한 이유 생략

누군가는 이 상식과 진실을 말해줘야 하기에 새벽에 살짝 얘기해주는 것. 아침이면 이글은보이지 않을 것이고
소수는 성공하고 95%이상은 실패...


자본주의 사회에서 돈이란 자신과 가족의 생명이자 인격이자 명예이다. 꾼들에게 속지...
피라미드 폰지사기란 투자할 대상은 유한한데 투자하는사람이 많으면 그만큼 가격은 올라가고 제일 마지막 투자한 사람이 상투를....구조

주식투자자는 알 것...수익률보다 어떤 시점에 어떤 주식으로 돈을 벌었는지도

비트코인 가격이 올라 돈 버는시절이 되니 쓰레기 언론과 기자 경제학자와 투자자들이 자신이 진짜 똑똑하다고

설치지만 결론은 모르는 자들의 노동가치를 훔치기 위해 도배질하는 것에 불과하다는 것이다.


이유는 가상화폐 암호화폐란 내재적 가치도 법과 사회적 의미의 가치도 없는 오직 무지와 환상에서

다른 사람의 투자금에서 가치가 부여되는 피라미드 구조이므로 다른 누군가를 투자하도록 꼬셔서

자신보다 더 높은 가격으로 사줄 때에만 돈을 벌기 때문이다.

중국은 화폐의 가치를 이해했기에 금지했고 다시 미국금융가들도 알기에 자유의 이름으로 허용하는 것이고. 다시 ETF를 통해 투자하게 만드는 이유는 더 많은 이유가 존재하지만 여기서는 생략한다. 화폐금융적 이유에서 사기와 위조에 불과한 것을 금지한 것과 자유라는 미명으로 허용한 것에 ETF를 통해 권장하는 차이는 이념의 형식을 넘어 패권의 문제로 귀착하고, 이것은 패권을 실현하는 도구의 신용의 문제로 직결되기 때문에 차이가 일어난다. 그러나 언제든 권한을 가진자가 한순간에 불법과 범죄로 규정할 수 있다.

아무가치도 없는 것을 먼저사서 누군가에게 환상을 심어서 더 비싸게 팔면 마지막 사는 사람의 노동가치와 자산으로 전가시켜 돈을 벌 수 있는 방식으로 가치를 창조하는 피라미드 폰지모형으로 부가가치를 유발하는사기이므로

가히 원수에게 권할만한 투기와 사기이다"
2024.06.10 04:58,■투자 성공을 위해 읽어두면 좋은 돈 이야기 2,38757,0,0,"화폐는 인위적인 것이므로 단 하나도 곡식처럼 늘어나지 않으며, 자가증식되어 스스로 증식되지도 않는다.


이것을 자연법칙으로 이해하면


현재 인류 문명에서 금융과 경제의 인식의 기준으로 인식하는 이자와 금리가 자연법칙에서 불가능이라는 것을

이해하게 된다.


그 결과 인류가 현실 인식의 근거로 사용하는 서양의 모든 지식체계인 학문 전체가 붕괴된다는 것은 자연법칙이다.


서양 문명이라는 채권문명은 빚과 이자가 유발하는 자연법칙과 수학의 불가능인 이자(금리)를 가능과 능력으로 인식하여 무한대로 확장된 문명이기 때문이다(불가능이 어떻게 가능으로 이행되는가는 생략).


이것을 이해하면 인류 문명의 시작부터 현재의 인류 문명과 전혀 다른 문명이 존재한다는 것을 알게 된다.






자연법칙 : 화폐(통화)가 자가증식으로 늘어나지 않(기 때문에 이자를 만들지 않)는 것은 자연법칙이다.


상 식 : 돈을 빚으로 빌리면 이자를 붙여 갚는 것은 문명의 법과 상식의 의무이자 양심이다.



자연법칙과 상식의 모순을 이해하면 서양 문명의 철학과 사상, 종교와 윤리에 근거하여 만들어진

경제학, 경영학, 법학의 금융제도와 경제체제, 행정학과 세법, 인문학과 인문사회학에서 문학과 예술의 인간의 모든 문제까지 모든 것이 오직 자연법칙이 인식되는 순간 불가능을 가능과 능력으로 자신의 이성과 지성으로 이행하기 때문에 스스로 갚을 수 없는 부채노예가 되는 사악한 사기와 기만, 공상과 환상에 근거한 허상이라는 것을 인간과 신의 인식의 근원인 자연법칙과 수학으로 인식하게 되므로 붕괴된 것이다.

서양문명은 화폐의 자기확장성 가치, 즉 화폐는 수요공급이론에 의지와 욕망에 따라 확장되거나

노동을 늘리면 당연히 그 증대된 노동가치를 증명할 화폐가 전제되거나 늘어난다는 관념에서 무한대로 확장된 문명이기 때문이다.

자연법칙과 상식의 모순을 모르기에 금리를 안다고 생각하지만 사실은 모른다는 사실조차 모르면서 자신은 거짓과 왜곡괸 지식을 외워서 다 안다고 착각하거나 모르면서 아는 척 스스로까지 속이는 것에 불과하다. 그래서 경제학으로는 단 하나의 사실인식도 불과능하므로 단 하나의 문제도 해결할 수 없는 것이다. 단지 더 많은 빚을 돈으로 빌려 스스로 갚을 수 없는 노예로 만드는 사악한 단 하나의 진실도 존재하지 않는 거짓의 학문일 뿐이다.


그러므로 인류의 지배적 이념인 민주주의와 자본주의 이념의 헌법의 모든 가치는 자연법칙과 수학으로 부정되는 이유는
인류가 사유할 수 있는 모든 국가와 이념의 형식의 전제조건이 바로 화폐와 발행권이라는 것은 수학저 인문학이기 때문이다.


인류 문명의 시작부터 불가능을 가능과 능력으로 이행하는 현재의 인류 문명과 전혀 다른 문명이 자연법칙과 상식의 모순이 이율배반으로 조화되는 문명이 존재한다는 것을 자연법칙과 상식의 모순으로 이해하게 된다. 여기에는 수많은 지식이 생략되어 있지만 사유로 그 모든 지식을 채울 수 있다.



작금의 지구문명은 이것을 이해하는 국가와 민족이 그렇지 못한 국가와 민족을 자연법칙과 수학으로 정복해 나가는 과도기적 과정이고, 이것을 이해하는 국가와 민족들이 문명의 주인이 되고 인류의 주인이 되기 위해 패권을 경쟁하는 것이다.


결론은 소수가 이 지식을 알면 정복의 수단이 되지만 인류 전체가 알면 자연법칙과 상식의 모순이라는 불가능은 공존의 수단이 된다.




#.이자의 무한성 -존 휘플(John Whipple)이라는 저술가가 1850년에 쓴 논문 <고리대금법의 중요성(The Importance of Usury Laws)에 그가 한 계산이 나온다. 「영국 돈 5페니를···서력기원 시작 때 5% 복리로 빌려 지금(1850년)까지 왔다면, 표준 순도의 금으로 직경 8,000마일짜리 공(거의 지구만한 크기다)을 만들 경우 323억 6,664만 8,157개에 달한다.」 인간은 유한하지만 국가라는 헌법의 가치를 실현하도록 설계된 유기체는 무한하므로 이자의 무한성이 국가를 수학적으로 붕괴시킴. 이것이 이자의 무서움.



산수 2018년 세계부채총액 280조 달러이고, 통화량 80조 달러 통계에서 금리를 올리면 오직 상식의 관념인 갚아야 할 부채총액인 280조 달러가 조작하는 이자율에 따라 관념에서 위조되는 구할 수 없는 이자만 추가되므로 갚아야 할 빚만 늘어나는 것으로 불가능만이 커지는 것에 불과하다. 통화량 80조 달러를 모두 모아도 갚아야 할 부채인 280조 달러에 200조 달러가 부족하다. 200조 달러는 이미 이자로 사라진 것이고, 80조 달러에서 단 일원도 늘어나지 않는다는 것은 자연법칙이다. 금리조작은 오직 불가능의 가속도로 금융과 경제를 파괴하는 것에 불과하지만 이자인 금리의 의미를 모르기 때문에 위기의 극복책으로 인식되지만, 생존의 전제인 화폐와 통화를 파괴하여 노동과 교환, 자본으로부터 소외시켜서 살인과 학살하는 사기와 범죄에 불과하지만 빚과 이자를 이해하지 못하는 인류에게는 불가능의 크기를 조작하는 범죄를 고매한 지적 헌신으로 인식되는 것이다.





엘렌 H. 브라운. 달러. 도서출판AK, 2012. P88~89 -

빚으로 하는 정복은 소리 없이, 그리고 부지불식간에 이루어지기 때문에 피정복민들은 새 주인이 생겼다는 사실을 깨닫지 못한다. 표면상으로는 변한 건 아무것도 없다(한국이 1997년 외환위기를 극복했다고 인식하는 이유. 애초에 위기의 원인과 목적을 이해하지 못하니 IMF구조조정을 극복했다고 자랑하는 것처럼). 이 나라는 그저 다루는 방식이 바뀌었을 뿐이다. 공물은 빚과 세금이라는 형태로 거뒀고, 사람들은 그게 자기들의 행복을 위해 내는 것이라고 믿었다. 엠리는 이렇게 썼다. ""포식자는 후원자가 되고 보호자가 됐다. 이 점을 깨닫지 못하면 그들은 정복당한 것이고, 그들 자신의 사회가 지닌 여러 도구들(국가제도와 법)은 그들의 부를 포식다들에게 나르고 정복을 완성하는 데 쓰이게 된다.""





■■■Gold VS Silver VS Bitcoin, 젊은사람들은 어디에 투자??


“화폐를 지배하기 위해 금을 지배해야 하고, 금을 지배하기 위해 은을 지배해야 한다.“


지구에 존재하는 금과 은의 비율은 과거 인류 역사에서는 1 대 16이였다. 그러나 현재 금과 은의 존재비율은 1대 2가 된다. 이유는 금은 산업에 사용되었다가도 회수되어 현재 인류가 소유할 것으로 기대되는 총량은 25톤이다. 그러나 수백개 산업에서 수백년간 사용되었던 은은 그 가치가 너무나 낮아서 회수하는 비용이 높아 버려졌다. 그래서 현재 인류가 소유할 수 있는 금과 은의 존재비율은 1대 2다. 인류가 소유할 수 있는 금은 25만톤 은은 50만톤(조금 늘어날 수 있지만 지금도 사용되다 버려지는 은은 너무 많고, 병원에서 수백개 산업, 특히 태양광과 전기차, AI인공지능 등 전기전도율이 생명이 산업으로 확장). 화폐전쟁3편. 10장 은의 영광과 몽상 참조.


과거 서양의 제국주의 열강들은 중남미의 아즈텍, 잉카, 마야 등과 그 지역의 은광에서 채굴한 은, 미국 서부개척시대 채굴한 은, 중국에 ㅇㅍ을 파라 중국의 은본위제를 붕괴시킨 은, 일본에 ㅈㅊ을 팔아 가져온 은 등을 중앙은행에 쌓아두었다. 이자도 유발되지 않는 은을 소수의 금융가들이 빌려서 시장에 매각해 그 자금을 당시 높은 금리의 채권에 투자하여 그 차익을 거두었다. 그런데 사자질 수 없는 물질인 은은 수백개 산업에서 사용되다 버려져 다시 인류가 회수할 수 없게 된 것이다. 그래서 그들은 이런 진정한 산업적 가치와 투자의 가치, 인류 역사의 진정한 돈이라는 은의 가격이 상승하는 것을 막는 것이다. 그래서 1대 16이었고, 현재 1대 2인 금은비에도 불구하고 시장에서 금과 은의 가격은 1대 90까지 벌어진 것이다.

방법은 바로 은 하나에 파생상품 100개를 만들어 실물은에 투자하는 번거로움을 분사시킨다. 그결과 하나의 병마개로 백 개의 병을 막는 것이다. 문제는 이렇게 확장된 파생시장은 본질적은 은의 부족으로 뱅크런과 같은 파산으로 내몰린다는 것이다. 이것이 미국의 은투자열풍이자 은가격을 조작하는 IB를 상대로 벌이는 금융투자 현상이다. 이런 화폐와 금융의 다층적 현상에서 Bitcoin과 같은 가상화폐현상을 이해해야 한다. 화폐를 발행하는 자는 자연법칙과 수학의 불가능으로 화폐로 교환하는 주체와 교환되는 대상 전체를 불가능으로 지배하는 전제군주가 된다는 것을 의미하기 때문이다. 이것이 패권전쟁의 핵심이다.


은은 미래를 살 젊은이들에게 부의 축적의 기회를 제공하는 이유이자 금융전쟁, 금융위기와 경제위기로부터 자신과 사회를 보호하기 위해 적은 투자금으로 반드시 투자해야 하는 것이다. 그래서 중국이나 현재의 한국에서 1g의 금모으기보다 1kg의 은을 구매하는 것이 투자수익의 측면에서 기대되는 이유이다. 사악한 자들이 악의에서 본의 아니게 준 우연한 기회이다.




골드바 100kg + 실버바 9톤=실버바 9,000개 = 어느 부자의 투자내역? 스마트 머니가 이동하는 중







금과 은의 존재비는현재 1 vs 2인데 가격차를 1 vs 90으로 만든 방법.


금값을 올리려는 이유는 국제은행가들이 중앙은행제도와 부분준비제도로 운영되는 서양의 국가들의 국가부채상승 때문. 전 세계 중앙은행 소유의 금의 72%의 가치를 높여 부채비율을 낮추기 위해. 금값을 올려야 하는 이유를 가로막는 것이 은가격의 상승이다(설명함). 금값조작 은가격 조작가능. 그러나 서양 국가들의 부채위기는 사실상 QE라는 무한대의 돈풀기, 즉 생산과 노동의 분야가 아니라 오직 금융을 지배하여 세계를 지배하는 금융기관과 경제와 산업을 통제하는 금융산업에 대한 지원(돈풀기)에 투입되어 세계와 인류 전체의 노동가치를 파괴(화폐가치를 떨어뜨리는 인플레이션 유발)하기 위한 양적 완화.

금융을 통해 금가격과 은가격의 조작(파생상품).

엘렌 H. 브라운. 달러. 도서출판AK, 2012. P206-1915년 3월 JP모건(P189~191) 사업체들(철강, 조선, 화약업체 등)과 그 부수 조직들이 언론계 고위층 열두 명을 불러 모아 미국에서 가장 영향력 있는 신문들을 고르고 미국 일간지의 논조를 대강 통제하는 데 필요한 인원을 그들 가운데서 고르도록 했다. ···그들은 큰 신문 가운데 25개 신문에 대한 통제권만을 확보하면 충분하다고 결론을 내렸다. 25개 신문에 대해 합의를 본 뒤에 이들 신문의 논조(내정 및 국제 문제에 관한 논조)를 사들이기 위한 밀사가 파견되었다. ···적절한 감독을 위해 각 신문에 편집인이 배치됐다. 군비와 군사, 금융정책 그리고 국내 및 여라 나라의 자연에 대한 기차 사항들에 관한 편집 정보는 구매자의 이익에 매우 중대한 것으로 간주됐고, 서비스 대상 업체의 바람과 반대되는 것은 모두 싣지 않도록 했다. [서양의 저널리즘은 환상]인류에게 허용된 자유란 노예될 자유뿐이다. 시온의 칙훈서에 금권이 얼마의 비율로 신문과 같은 언론을 소유해야 하는 비율까지 지침.

언론과 교육을 통한 인류 5,000년 이상의 역사에서 진정한 돈인 금과 은에 투자해야 하는 지식을 제거하고 화폐라는 currency에 집착시킴(이유와 방법은 논외). 금본위제도로 달러라는 미국과 미국인이 빚으로 빌린 은행가들의 사적 표시를 기축통화로 만든 역사.


이런 진실한 가치는 낮게 유지시키지만 반대로 중국이 금지시킨 가상화폐에 대한 투자는 조장하여 QE로 급겨기 팽창시킨 통화가 은투자로 넘어오지 못하도록 항상 투기적 금융상품을 만들어 주기적으로 거래를 활성화시켜 버블을 유발하여 화폐를 탈취한다. 가상화폐나 암호화폐는 문명의 상징인 전기의 블랙아웃에서 무용지물이지만 이런 세계금융을 지배하는 소수의 엘리트들의 자의에 따라 투자의 수단이 되어 금융거래가 되지만 그들이 불법으로 간주하는 순간 무가치가 되는 것도 현실. 그리고 그들만이 오직 가상화폐를 최고의 가격으로 올려놓을 수 있다. 그들은 인류의 모든 사회에서 화폐를 지배하므로 지구를 살 수 있는 화폐를 펜 한번 휘갈겨 만들어 낼 수 있는 주체이기 때문이다. 펜을 한번 휘갈겨 지구를 모두 사면 바로 독일 바이마르 공화국에서 유발된 초인플레이션이 일어날 것이다. 그들의 의지이다. 반대로 금과 은은 그들이 만들어낸 종이와 숫자로 살 수 있지만 만들어 낼 수 없다.



엘렌 H. 브라운. 달러. 도서출판AK, 2012. P148-노예제는 전쟁 세력에 의해 폐지될 듯하며, 가산노예제는 이미 무너졌다. 나와 유럽 친구들은 이를 반기고 있다. 노예제란 노동력을 소유하고 거기에 따라 노동자를 보살펴줘야 하는 것이다. 그러나 영국을 필두로 한 유럽 방식은 자본이 임금을 통제해 노동을 통제한다. 이는 돈을 통제함으로써 이룰 수 있다. 자본가들이 보게 될 막대한 빚은 전쟁을 통해 만들어지는 것인데, 통화 규모를 통제하는 수단으로 이용돼야 한다. 이를 이루기 위해 채권(준비금 참조)이 금융의 통대로 이용돼야 한다. 그린백이라 불리는 것은 잠시라도 돈으로 통용돼서는 안 된다. 우리가 통제할 수 없는 것이기 때문이다.

과학의 진보가 자본가의 주인인 은행가들에게 노예제보다 노동자제도가 더 이익이라는 것을 이해해서 그들이 노예제를 붕괴시킨 것이지 인류가 인문학적 진보로 노예를 해방시킨 것이아니다.그들이 그 역사적 영광을 굶주린 개에게 살점 한 점을 적선하듯 링컨에게 준 것이다. 그들은 그런 수준이다. 미국의 독립전쟁의 진정한 원인은 차에 대한 세금이 아니라 바로 화폐 지식이 있던 그 당시 미국인들이 은행가들의 사주를 받은 영국왕이 식민지 자체의 화폐발행을 막고 교환에 필요한 모든 돈을 영국은행가들에게 금을 빚으로 빌리게 만들었기에 그당시 모든 경제와 금융의 불황의 원인을 명확히 인식한 그들이 선택할 수 있는 선택은 혁명뿐이었기에 시작된 것이다. 인류 역사 아래 전혀 다른 역사가 흐른다.


인류가 누리는 문명적 삶은 과학이 없다면 지금 당장 가위바위보로 단 한 명을 지배계층이 되고 나머지 9명이 노예가 되어 먹여 살리는 봉건적 계급질서로 회귀해야 하는 그 부처가 말한 지혜가 바로 과학이다. 역사가 이럴진대 인류 문명에 진실이 얼마가 존재하겠는가?

노예제도로 이 거대한 메트로폴리탄 도시가 만들어질 수 있고 또 유지될 수 있겠는가? 그들이 진정한 지구의 문명이기에 인류의 인구를 줄이는 계획까지 세우고 시행하는 것이다. 단지 노예가 노동자가 되었기에 세금이 있고 그렇게 살아가는 노동자가 주권의 멍에를 씌워서 국가들을 전쟁으로 내몰아 전쟁 당사국들에게 고리의 빚을 빌리게 만들어 전쟁당사국을
가을 수 없는 부채로 지배하기 위해 그들이 항상 계획하는 것이다.



그들은 인류가 진보시킨 과학뿐만아니라 인류의 지혜로 더욱 악랄하게 진보된 정책과 제도로 인류를 지배하는 것이다. 어설픈 지식 몇개 외워서 그들은 분간이라도 할 수 있다고 상상하지 마라 그들은 그런 수준에서 가늠조차 할 수 있는 존재들이 아니다. 이런 얘기를 해주는 이유는 죽더라도 알아라는 의미도 있지만 이것도 모르면서 온 나라로 구성된 세계의 지배적 이념이 민주주주의라고 주권을 선거로 행사하기 때문이다. 이들은 인류가 모신 신의 위치에 오른 것이다. 그래서 인류 수준을 소와 돼지 수준이라 이것을 인식할 수 없다 말하고, 전쟁을 일으켜 죽어가는 인류를 향해 This is the art라고 자화자찬하는 것이다



경제가 성장하는 인도와 중국의 금과 은 사랑을 넘어선 집착 = 화폐지식과 진정한 화폐인 금과 은에 대한 이해

유대인과 더불어 세계에서 화폐지식이 남다른 민족이 화교로 대표되는 중국인이고, 앞으로 경제가 더욱 성장한 인도의 금과 은에 대한 사랑과 집착은 인도의 국가적 태양광 산업에 필요한 은의 수요를 초월. 2024년 1월부터 4월까지 4,172톤 수입(23년 1만톤 육박?). 인도의 금과 은수입도 산업적 측면과 금융패권적 측면에서 이해해야 하는 이유는 BRICs핵심멤버. 이런 이유로 화폐전쟁의 저자인 쑹훙빙은 화폐전쟁3편 10장. 은의 영광과 몽상편에서 수백개 산업에서 사용되는 은은 인류 역사에서 최초로 사라질 금속으로 미래에 금과 은의 존재비에서 1대 1이 될 가능성이 있다고 말한 것이다.

2000년대 초반 세계 최고수준의 금과 은의 매장량을 바탕으로 생산하는 중국이 자국에서 생산된 금과 은의 수출을 금지한 것도 화폐적 지식과 세계적인 금융패권에서 기인한 것을 기억해야 한다.


인류가 거래하는 은가격은 실물의 수용와 공급이 아닌 오직 서양금융가들이 지배하는 종이은을 매도하여 만들어진 은선물시장의 가격이라는 것을 잊어서는 안된다. 종이로 금을 살 수 있다는 것을 이해했기에 서양에서 연금술연구가 사라진 이유이다. 은투자의 대명사 헌트형제의 사건의 핵심은 그들이 은가격을 조작해서 정의의 이름으로 정부가 벌금으로 파산시킨 것이 아니다. 핵심은 그들이 은을 담보로 대출을 받았고, 그들이 거래소에서 매입한 은선물의 양이 거래소가 보유한 실제 은의 양을 초과했다는 사실이 되어야 한다. 진정한 조작은 바로 제도권이다. 여우가 닭장의 문고리를 잡고 있다는 사실이다. 이것을 이해하지 못하는 인류가 모순된 이념으로 갈등하고 대립하도록 모순된 이념을 만들어 놓은 것이다. 이념의 전제조건조차 인식하지 못하는 인류는 그 모순된 것이 자신의 이성과 지성의 표상이자 신념이 되어 죽도록 싸우는 것이다.■포식자가 후원자가 되고 보호자가 되어 국가와 제도로 국민을 노예로 지배하는 것이다. 그 사이에서 인류를 하나씩 정복해 나가는 것이다. ■돈과 화폐의 차이는 유튜브에 수많은 영상이 존재.

자연법칙과 상식의 모순을 이해하면 서양 문명의 철학과 사상, 종교와 윤리에 근거하여 만들어진 모든 것이 불가능을 가능과 능력으로 자신의 이성과 지성으로 이행하기 때문에 스스로 갚을 수 없는 부채노예가 되는 사악한 사기와 기만, 공상과 환상에 근거한 허상이라는 것을 인간과 신의 인식의 근원인 자연법칙과 수학으로 인식하게 되므로 붕괴된 것이 문제가 아니라 화폐와 금융을 이해하지 못하면 자신의 이성과 지성의 신념으로 행하는 모든 행위, 심지어 로 국제법과 국제기구로 인류를 위해 헌신한다고 착각하지만자신을 죽이고 국가를 해체하여 인류를 노예화하여 노예문명을 실현하는 노리개 인생에 불과하다는 것이다. 가장 대표적인 세력인 쌀동네 정보국들이다. 영화에서 인류와 세계를 만날 구하는^^. 이것이 민주주의의 탈을 쓴 자의 자연법칙과 수학이라는 인간과 신의 인식의 근원인 자연법칙과 상식의 모순을 이해할 때 주어지는 수학의 가치를 인문학적으로 설멸할 수 있는 실체이다.





서양의 국제은행가 지도 아래 조작되는 금은가격의 최대수혜자는 바로 그들의 정복의 도구이자 정복된 국가들을 수호하는 미국의 달러패권에 금과 은으로 도전하는 인도와 중국이 되는 형국이다. 그들이 바로 석유달러의 패권에 도전하는 금융과 화폐제도에 금과 은으로 도전할 것이다. 돈과 화폐의 가치 이해.

한국의 금융과 화폐의 수준은 소 팔러 가는데 개 따라 가는 수준. 마치 조선의 양반들처럼 인간의 생존에 필요한 재화의 생산이 자연과 노동에 절대적으로 예속된 시대를 살면서 오직 그 전제조건을 전환시키는 과학의 지식은 하찮게 여기면서 오직 그 부족한 재화의 분배를 봉건적 계급질서에서 백성을 생존의사선으로 내몰면서 피고름으로 호의호식하면서도 공자왈 맹자왈로 생명을 버리지 않고서는 생존할 수 없는 도덕으로 죄의식과 수치심으로 지배를 합리화하는 수준, 현대의 오직 특정한 가정과 전제조건의 고립되고 제한된 가정에서 논리를 전개하여 현실에서 단 하나의 현상도 설명하지 못하고 허공에 집을 짓는 경제학처럼.




이 글이 가치가 있을까??

패권경쟁국들은 달걀을 깨고 나와 병아리가 되려고 저토록 노력하는데 그를 용기도 지식도 없는 한국의 자칭 거짓의 지식을 외워서 지식인으로 착각하는 소위 자칭 엘리트들은 국민을 희생시켜서 달걀을 깨서 후라이로 아침식사나 거하게 하려는 수준에게 이 글이 가치가 있을까??


인도와 중국이 미국의 패권에 도전할 수 있는 이유, 일본이 메이지유신으로 유일하게 제국주의로나아간 이유와 독일 ㅡ 1차 세계대전으로 피폐한 독일이 국가의 부를 초월하는 배상금과 국제은행가들이 설정해 놓은 해외무역의 제한과 해외의 모든식민지의 소멸에도 ㅡ 서구유럽 전체와 미국과 소련의 다국적 연합국과 대적할 수 있어던 이유는 바로 미국의 개척시대를 넘어 인류 최고의 위대한 미국을 사랑한 미국 국가주의자들이 금권에 의한 링컨의 죽음 이후 인류 전체가 소수의 은행가들에게 지배될 위험으로부터 인류를 구하기 위해 건내준 화폐와 금융의 지식 때문이다."
2024.05.23 03:27,금투세 이런거랍니다 ,42556,0,0,"불의에 맞서는 기자님들이
이제 정의로운 펜의
힘을 보여 주시네요

아시아 타임즈 김지호 기자님 기사

https://m.asiatime.co.kr/article/20240522500463"
2023.06.21 22:36,이름이 너무 이쁘네요,144683,1,0,"아리랑이라니 ㄷㄷ

아리랑 고배당이랑 같이 매수하고 싶네요"
2023.05.02 22:40,개인투자자 여러분 안녕하세요,147925,0,0,"작년의 대폭락과 올 상반기 상승을 정확히 예상했던 유튜버를 소개해볼까 합니다

지수를 아주 높은 확률로 맞춘 전적이 있는 유튜버이고, 개별 종목의 방향성도 아주 높은 적중률로 잘 맞춥니다

최근 에코프로비엠과 삼성전자의 하락을 예상하는 영상을 올렸는데, 꼭 시청해보시고, 참고하여 성투하시길 바랍니다.
(과거의 영상을 보면 상승과 하락의 신뢰도가 굉장히 높을것 입니다)

[긴급] 삼성전자 단기 하락 준비하자
https://youtu.be/aSDxmWSXPyM
(게시일 : 2023년 4월 30일)

[긴급] 에코프로비엠 상반기 급락 전망
https://www.youtube.com/watch?v=fEqs41gNGz8
(게시일 : 2023년 4월 22일)

[긴급] Again 코로나급 폭락 2탄?
https://youtu.be/_qjpSi5Hjls
(게시일 : 2023년 4월 18일)

[긴급] Again 코로나급 폭락?
https://youtu.be/vy3fVFYJzb8
(게시일 : 2023년 4월 9일)

[긴급] KOPSI 대폭락 2개월 전, 마지막 반등 시작
https://youtu.be/PVVbLP5c7Cc
(게시일 : 2023년 3월 20일)

[긴급] 경기침체 시그널 완성 나스닥 코스피 하락
https://youtu.be/fdqZVHph41g
(게시일 : 2022년 6월 14일)

[긴급] 러시아 시한폭탄, 디폴트 코앞?
https://youtu.be/i25WDmgSmjQ
(게시일 : 2022년 5월 22일)

[긴급] 나스닥 언제 팔까요? 2탄!! 닷컴 리먼사태 가능성
https://youtu.be/luxtDuHB794
(게시일 : 2022년 5월 2일)

[급락] 독일(Dax) 및 KOSPI 대공황
https://youtu.be/etQi6bE11rQ
(게시일 : 2022년 4월 26일)

[긴급] 나스닥 언제 팔까요? 리먼사태 재현 가능성은?
https://youtu.be/0WAf6PYGlxg
(게시일 : 2022년 3월 28일)

[프랙탈분석] 나스닥 언제 팔아야할지 알겠네요
https://youtu.be/f2g4gOQDWkE
(게시일 : 2022년 3월 23일)

[프랙탈] 삼성전자, 환율 급등?? 급락??
https://youtu.be/BDGfVoai_rE
(게시일 : 2022년 3월 21일)"
2022.12.04 16:32,최고의 코스피200 ETF는? (ARIRANG200 포함 비교 분석해드립니다),165659,1,0,"안녕하세요,

요즘 많은 분들이 코스피200 ETF에 관심을 가지고 계시는데요,

이 중 최고의 ETF는 어떤 상품일까요?

아래 ETF들을 비교 분석 리뷰해보았습니다.

1. ACE 200
2. KODEX 200
3. TIGER 200
4. KOSEF 200
5. ARIRANG 200
6. KBSTAR 200
7. HANARO 200

이왕 매수하실 거면 이 중 최고의 상품을 매수하시길 바랍니다.

***********

https://blog.naver.com/mikejk/222924389054

***********


위 링크를 복사하셔서 브라우저에 붙여넣기 하시면 보실 수 있습니다-

요즘 증시가 쉽지 않은 상황인데 조금이나마 도움이 되어 드릴 수 있으면 좋겠습니다."
2022.11.17 10:00,전라도 ,132539,1,2,전라도
2022.02.21 13:49,대단하다 결국 보합 가네,144304,0,0,야수의 심장이라도 노리나?
2021.08.15 23:52,일봉 기준 데드크로스,137084,1,0,"일봉 기준 데드크로스네요.ㅠㅠ
그래서 그런지 상승확률 조회앱인
골든통에서도 단기 상승확률이 엄청 낮게 나오네요.
빨리 추세 바뀌어야할텐데.."
2021.06.30 17:37,ARIRANG 200 보험 월간 코스피 종목중 순매수 1위 !!,40173,0,0,"ARIRANG 200 월간 종목 주체별 매수 정보 !

보험 : 
   금액(100만 단위) : 45,267
   수량(1 단위) : 1,029,925
   평균단가 : 43,951

월간 각 매수주체별 상위 100종목 매매 정보 블로그
https://hanch.tistory.com/262"
2021.06.23 11:11,코덱스보다 펀드보수 싸네요,24379,0,0,코덱스보다 펀드보수 싸네요
2021.04.21 16:26,ARIRANG 200 투신 코스피 종목중 순매수 1위 !!,3795,0,0,"ARIRANG 200 금일 종목 주체별 매수 정보 !

투신 : 
   금액(100만 단위) : 11,213
   수량(1 단위) : 253,170
   평균단가 : 44,290

금일 각 매수주체별 상위 50종목 매매 정보 블로그
hanch.tistory.com"
2021.04.19 06:35,정신적 고통을 조절하는 원리,1914,1,0,"정신적 고통을 조절하는 원리

정신적 고통은 다른 사람으로 인하여
만들어지는 것이 아니라 자신이 만든 것입니다.
그러므로 자신이 줄이거나 없앨 수 있습니다.

주식거래, 사람들과 갈등, 지병 등으로
마음에서 자주 괴로운 생각이 떠오르고
나쁜 감정이 나타날 때,

그냥 아무런 생각하지 말고,

'그런 생각하지마!'
'나쁜 감정 만들지마!'
'이제 그만해!'

라고 마음속에서 외쳐보세요.
한번해서 안되면 몇 번 더하세요.
그러면 자신을 괴롭히는 생각들과 기분 나쁜 
감정이 줄어들거나 없어집니다.

자주 사용해서 익숙해지면 괴로운 생각과 나쁜 감정이 나타나는 횟수가 점점 줄어들고
마음이 평안해지는 것을 경험하게 됩니다.

정말 간단하지만 효과는 놀랄 정도입니다.

그리고
과거의 일로 괴로운 생각이 나타나면
'그것은 나의 경험이었다.'

현재나 미래의 일로 불안한 생각이 나타나면
'그것은 나의 과제로 하겠다.'

라고 마음속에서 선언하세요.
과제는 지금부터 풀어 가는 것입니다.
불안해 할 것이 아닙니다.

어떤 과제가 고통스런 이유는 해결하는 방법을 몰라 혼자서 고민할 때입니다. 이럴 때는 그 일과 관련된 전문가나 지인이나 책을 스승삼아 해결하는 방법을 배워 보십시오.

처음 만난 산을 지나려면 길을 몰라 고통스럽습니다. 하지만 그 산을 넘어본 사람들은 길을 알고있습니다.

한 사람이라도 더 평안하게 되었으면 하는 마음으로 게시합니다."
2021.01.10 21:52,ETF 정보공유해요~!,6294,1,0,"안녕하세요. 저는 가치 투자와 장기투자를 지향하는 투자자입니다.


저는 주로 코스피 ETF를 연금저축펀드로 매수하거나 미국 QQQ나 SPY같은 지수에 투자하는 것을 선호하는데요.


혹시 그런 성향을 가지신 분 계시면 같이 소통하고 싶습니다.


워런버핏 처럼 저희 같이 길게보고 투자하는 사람들끼리 모아보자구요!!


https://open.kakao.com/o/g3KsbxQc 로 저희 같이 소통해요!!


ETF관련 정보나 궁금하신 점 있으시면 물어보셔도 되구요!!


감사합니다!!"
2020.12.21 23:33,여긴 모이리 조용하지?,3726,1,3,주포가없나  ? 안티가 없네
2020.11.16 13:43,환율 하락 불확실성 개소,3459,0,0,"코스피 200 추종으로하는 ETF
삼전 하이닉스 들어가기엔 늦기도 하고 자금도 없어서 고른 종목"
2020.11.16 11:56,이런 34125에 팔았는데 34135까지 올라가네 ㅅㅂ,2444,0,2,"짱난다.

다시 -5퍼만주라. 다시 들어가기ㅣ"
